pcitest3,Temp111!,7426385
pcitest4,Temp111!,7422950
pcitest5,Temp111!,7426459
pcitest6,Temp111!,7426555
pcitest7,Temp111!,7427320
pcitest8,Temp111!,7427609
pcitest9,Temp111!,7427786
pcitest1,Temp111!,7428077
pcitest2,Temp111!,7428330
pcitest10,Temp111!,7428420
pcitest11,Temp111!,7428647
pcitest12,Temp111!,7429403
pcitest13,Temp111!,7429426
pcitest14,Temp111!,7429526
pcitest15,Temp111!,7429682
pcitest16,Temp111!,7429783
pcitest17,Temp111!,7430010
pcitest18,Temp111!,7430246
pcitest19,Temp111!,7430433
pcitest20,Temp111!,7430824
pcitest21,Temp111!,7430956
pcitest22,Temp111!,7431069
pcitest23,Temp111!,7431264
pcitest24,Temp111!,7431378
pcitest25,Temp111!,7431541
pcitest26,Temp111!,7431560
pcitest27,Temp111!,7431748
pcitest28,Temp111!,7432003
pcitest29,Temp111!,7432116
pcitest3,Temp111!,7432212
pcitest4,Temp111!,7432423
pcitest5,Temp111!,7432562
pcitest6,Temp111!,7432711
pcitest7,Temp111!,7432996
pcitest8,Temp111!,7433216
pcitest9,Temp111!,7433525
pcitest1,Temp111!,7433584
pcitest2,Temp111!,7433647
pcitest10,Temp111!,7433731
pcitest11,Temp111!,7433870
pcitest12,Temp111!,7433985
pcitest13,Temp111!,7434036
pcitest14,Temp111!,7434244
pcitest15,Temp111!,7434366
pcitest16,Temp111!,7434573
pcitest17,Temp111!,7434663
pcitest18,Temp111!,7434892
pcitest19,Temp111!,7435007
pcitest20,Temp111!,7435208
pcitest21,Temp111!,7435308
pcitest22,Temp111!,7435368
pcitest23,Temp111!,7435503
pcitest24,Temp111!,7435708
pcitest25,Temp111!,7435957
pcitest26,Temp111!,7436109
pcitest27,Temp111!,7436180
pcitest28,Temp111!,7436406
pcitest29,Temp111!,7436560
